{
  "Data": [
    {
      "source": "CS",
      "lastName": "MILLER",
      "firstName": "LILA",
      "MM": "",
      "EEID": "xxxxxxx8806▼ ",
      "DOB": "01/30/1960",
      "relationship": "SPOUSE/DOMESTIC PARTNER",
      "policy#": "0712838",
      "gender": "F",
      "address": "2826 ANNELISE WAY",
      "city": "FORT COLLINS",
      "state": "CO",
      "zipCode": "80525"
    },
    {
      "source": "CS",
      "lastName": "MILLER",
      "firstName": "BRUCE",
      "MM": "J",
      "EEID": "xxxxxxx8806▼ ",
      "DOB": "03/03/1955",
      "relationship": "SUBSCRIBER/RECIPIENT",
      "policy#": "0712838",
      "gender": "M",
      "address": "2826 ANNELISE WAY",
      "city": "FORT COLLINS",
      "state": "CO",
      "zipCode": "80525"
    },
    {
      "source": "PR",
      "lastName": "MILLER",
      "firstName": "LILA",
      "MM": "",
      "EEID": "xxxxx8806▼ ",
      "DOB": "01/30/1960",
      "relationship": "SPOUSE/DOMESTIC PARTNER",
      "policy#": "00F7723",
      "gender": "F",
      "address": "5414 POPLAR LAKES LANE",
      "city": "LOUISVILLE",
      "state": "KY",
      "zipCode": "40299"
    },
    {
      "source": "PR",
      "lastName": "MILLER",
      "firstName": "BRUCE",
      "MM": "",
      "EEID": "xxxxx8806▼ ",
      "DOB": "03/03/1955",
      "relationship": "SUBSCRIBER/RECIPIENT",
      "policy#": "00F7723",
      "gender": "M",
      "address": "5414 POPLAR LAKES LANE",
      "city": "LOUISVILLE",
      "state": "KY",
      "zipCode": "40299"
    },
    {
      "source": "CS",
      "lastName": "MILLER",
      "firstName": "BRUCE",
      "MM": "",
      "EEID": "xxxxxxx8806▼ ",
      "DOB": "03/03/1955",
      "relationship": "SUBSCRIBER/RECIPIENT",
      "policy#": "00F7723",
      "gender": "M",
      "address": "5414 POPLAR LAKES LANE",
      "city": "LOUISVILLE",
      "state": "KY",
      "zipCode": "40299"
    },
    {
      "source": "CS",
      "lastName": "MILLER",
      "firstName": "LILA",
      "MM": "",
      "EEID": "xxxxxxx8806▼ ",
      "DOB": "01/30/1960",
      "relationship": "SPOUSE/DOMESTIC PARTNER",
      "policy#": "00F7723",
      "gender": "F",
      "address": "5414 POPLAR LAKES LANE",
      "city": "LOUISVILLE",
      "state": "KY",
      "zipCode": "40299"
    }
  ],
  "Success": "OK",
  "SuccessMessage": "this record is correct",
  "ErrorMessage": "There is no error"
}