[{
    "_id" : "2f586c-fe00-4c03-afaa-ee651cb3447M",
    "firstName" : "eni",
    "lastName" : "eni",
    "user_address" : "Plot No. 59, Sector 18 Gurgaon",
    "phoneNo" : "999999999",
    "emailId" : "eni@eni.com",
    "userName" : "eni",
    "url_path" : "eni",
    "active" : true
},{
    "_id" : "82f586c-fe00-4c03-afaa-ee651cb3447M",
    "firstName" : "Mnr",
    "lastName" : "Mnr",
    "user_address" : "Plot No. 59, Sector 18 Gurgaon",
    "phoneNo" : "999999999",
    "emailId" : "Mnr@Mnr.com",
    "userName" : "mnr",
    "url_path" : "mnr",
    "active" : true
}
]