{
  "Data": {
    "ResponseMetaData": {
      "Command": "MnRCallerIsMember",
      "requestId": "a8f7fe52-b1c1-11e9-a2a3-2a2ae2dbcce4",
      "responseTime": "1564385069691",
      "commandSeqId": 4,
      "totalResponsesAvailable": 6,
      "responseSequenceId": 4,
      "responseSanitizationRequired": true,
      "completed": false
    },
    "ResponseData": [
      {
        "NextBillingCycleDate": "12/12/2020",
        "UnpaidBalanceCOA": "200",
        "EstimatedAnnualPremiumRemaining": "20/7/2019",
        "OfPastDueBillDate": "20/7/2019",
        "BankruptyPetitionDate": "20/12/2020",
        "PaymentMethod": "Online"
      }
    ],
    "ResponseStatus": {
      "success": true,
      "statusCode": 200,
      "statusMessage": "Message can be Success or Failure"
    }
  }
}