{
  "Data": {
    "ResponseMetaData": {
      "Command": "MnRCallerIsMember",
      "requestId": "a8f7fe52-b1c1-11e9-a2a3-2a2ae2dbcce4",
      "responseTime": "1564385069691",
      "commandSeqId": 2,
      "totalResponsesAvailable": 6,
      "responseSequenceId": 2,
      "responseSanitizationRequired": true,
      "completed": false
    },
    "ResponseData": [{
    "Medicare Claim No.": "2DJ8QF0CQ47",
    "Source System": "COSMOS",
    "Member Start Date": "3/25/2019"
  }],
    "ResponseStatus": {
      "success": true,
      "statusCode": 200,
      "statusMessage": "Message can be Success or Failure"
    }
  }
}