{
  "Data": {
    "ResponseMetaData": {
      "Command": "Find Originator EandI",
      "requestId": "a8f7fe52-b1c1-11e9-a2a3-2a2ae2dbcce4",
      "responseTime": "1564385069691",
      "commandSeqId": 1,
      "totalResponsesAvailable": 1,
      "responseSequenceId": 1,
      "responseSanitizationRequired": true,
      "completed": false
    },
    "ResponseData":  [
    {
      "Last name": "MILLER",
      "First Name": "BRUCE",
      "DOB": "03/03/1955",
      "Relationship": "SUBSCRIBER/RECIPIENT"
    },
    {
      "Last name": "MILLER",
      "First Name": "LILA",
      "DOB": "01/30/1960",
      "Relationship": "SPOUSE/DOMESTIC PARTNER"
    }
  ],
    "ResponseStatus": {
      "success": true,
      "statusCode": 200,
      "statusMessage": "Message can be Success or Failure"
    }
  } 
}