{
  "Data": {
    "ResponseMetaData": {
      "Command": "EandIAction",
      "requestId": "1564657693949",
      "requestTime": "1564657693911",
      "commandSeqId": 1,
      "totalResponsesAvailable": 1,
      "responseSequenceId": 1,
      "responseSanitizationRequired": true,
      "completed": true
    },
    "ResponseData": [
      {
        "Url": "https://testapi.amexio.org/api/ibaagdocumemetHTML.html"
      }
    ],
    "ResponseStatus": {
      "success": true,
      "statusCode": 200,
      "statusMessage": "Message can be Success or Failure"
    }
  }
}