[
  {
    "primarydisplay": "Accessing_Benefits"
  },
  {
    "primarydisplay": "Acupuncture_Services"
  },
  {
    "primarydisplay": "Allergy_Injections"
  },
  {
    "primarydisplay": "Allowed_Amount_Eligible_Expenses"
  },
  {
    "primarydisplay": "Ambulance_Services_Emergency"
  },
  {
    "primarydisplay": "Ambulance_Services_NonEmergency"
  },
  {
    "primarydisplay": "Annual_Deductible"
  },
  {
    "primarydisplay": "Annual_Drug_Deductible"
  },
  {
    "primarydisplay": "Autism_Spectrum_Disorder_Inpatient"
  },
  {
    "primarydisplay": "Autism_Spectrum_Disorder_Outpatient"
  },
  {
    "primarydisplay": "Bariatric_Obesity_Surgery"
  },
  {
    "primarydisplay": "Bariatric_Resource_Services_BRS"
  },
  {
    "primarydisplay": "Breast_Pumps"
  },
  {
    "primarydisplay": "CAC_Consumer_Accounts_Card"
  },
  {
    "primarydisplay": "COBRA_Information"
  },
  {
    "primarydisplay": "Cant_Find_What_You_Are_Looking_For"
  },
  {
    "primarydisplay": "Care_Management"
  },
  {
    "primarydisplay": "Chemical_Dependency"
  },
  {
    "primarydisplay": "Chiropractic_Services"
  },
  {
    "primarydisplay": "Clinical_Trials"
  },
  {
    "primarydisplay": "Coinsurance"
  },
  {
    "primarydisplay": "Coinsurance_box"
  },
  {
    "primarydisplay": "Congenital_Heart_Disease_Resource_Servic"
  },
  {
    "primarydisplay": "Congenital_Heart_Disease_Surgeries"
  },
  {
    "primarydisplay": "Coordination_of_Benefits"
  },
  {
    "primarydisplay": "Copayment"
  },
  {
    "primarydisplay": "Deductibles"
  },
  {
    "primarydisplay": "Dental_Anesthesia"
  },
  {
    "primarydisplay": "Dental_Anesthesia_Services "
  },
  {
    "primarydisplay": "Dental_Services_Accident_Only"
  },
  {
    "primarydisplay": "Dental_Vendor"
  },
  {
    "primarydisplay": "Dependent_Coverage"
  },
  {
    "primarydisplay": "Diabetes_Services"
  },
  {
    "primarydisplay": "Diabetes_Services_Quick_Tip"
  },
  {
    "primarydisplay": "Diabetes_Supplies"
  },
  {
    "primarydisplay": "Durable_Medical_Equipment"
  },
  {
    "primarydisplay": "Effective_Date"
  },
  {
    "primarydisplay": "Eligibility_Contact"
  },
  {
    "primarydisplay": "Emergency_Health_Services_Outpatient"
  },
  {
    "primarydisplay": "Exclusions"
  },
  {
    "primarydisplay": "Experimental_Investigational_or_Unprove"
  },
  {
    "primarydisplay": "Family_Planning"
  },
  {
    "primarydisplay": "Fertility_Solutions"
  },
  {
    "primarydisplay": "Final_Claim_Fiduciary"
  },
  {
    "primarydisplay": "Flexible_Spending_Account"
  },
  {
    "primarydisplay": "Flexible_Spending_Account_FSA"
  },
  {
    "primarydisplay": "Gender_Identity_Dysphoria_Services"
  },
  {
    "primarydisplay": "Genetic_Testing1"
  },
  {
    "primarydisplay": "Genetic_Testing2"
  },
  {
    "primarydisplay": "Health_Care_Reform"
  },
  {
    "primarydisplay": "Health_Discount_Program"
  },
  {
    "primarydisplay": "Health_Reimbursement_Account_HRA"
  },
  {
    "primarydisplay": "Health_Savings_Account_HSA"
  },
  {
    "primarydisplay": "Health_Wellness"
  },
  {
    "primarydisplay": "Healthy_Pregnancy_Program"
  },
  {
    "primarydisplay": "Hearing_Aids"
  },
  {
    "primarydisplay": "Hemophilia_Program"
  },
  {
    "primarydisplay": "Hemophilia_Quick_Tip"
  },
  {
    "primarydisplay": "Home_Health_Care"
  },
  {
    "primarydisplay": "Hospice_Care"
  },
  {
    "primarydisplay": "Hospital_Inpatient_Stay"
  },
  {
    "primarydisplay": "Hospital_Services"
  },
  {
    "primarydisplay": "Human_Resource_Contact"
  },
  {
    "primarydisplay": "Infertility_Reproductive_Services"
  },
  {
    "primarydisplay": "Kidney_Disease_Programs"
  },
  {
    "primarydisplay": "Lab_XRay_and_Diagnostics_Outpatient"
  },
  {
    "primarydisplay": "Lab_Xray_Diagnostics_Major_CT_PET_MRI"
  },
  {
    "primarydisplay": "Limited_Services_Counting_Method"
  },
  {
    "primarydisplay": "Maternity_Care"
  },
  {
    "primarydisplay": "Mechanical_Circulatory_Support_Devices"
  },
  {
    "primarydisplay": "Medical_Foods"
  },
  {
    "primarydisplay": "Mental_Health_Services_Inpatient"
  },
  {
    "primarydisplay": "Mental_Health_Services_Outpatient"
  },
  {
    "primarydisplay": "Mental_Health_Vendor"
  },
  {
    "primarydisplay": "Mental_and_Nervous"
  },
  {
    "primarydisplay": "Multiple_Surgical_Procedures"
  },
  {
    "primarydisplay": "Neonatal_Resource_Services_NRS"
  },
  {
    "primarydisplay": "Network_Gap"
  },
  {
    "primarydisplay": "NonOffice_Based_Lab_and_Diagnostic_Proce"
  },
  {
    "primarydisplay": "Oral_Surgery"
  },
  {
    "primarydisplay": "Ostomy_Supplies"
  },
  {
    "primarydisplay": "Other_Benefits"
  },
  {
    "primarydisplay": "Out_of_Network_Reimbursement_Programs"
  },
  {
    "primarydisplay": "Out_of_Pocket"
  },
  {
    "primarydisplay": "Out_of_Pocket_Limit"
  },
  {
    "primarydisplay": "Outlier_Cost_Management_OCM"
  },
  {
    "primarydisplay": "OutofPocket_Drug_Limit"
  },
  {
    "primarydisplay": "ParentSteps"
  },
  {
    "primarydisplay": "Per_Occurrence_Deductible"
  },
  {
    "primarydisplay": "Personal_Health_Support"
  },
  {
    "primarydisplay": "Pharmaceutical_Products_Outpatient"
  },
  {
    "primarydisplay": "Pharmaceutical_Products_Quick_Tip"
  },
  {
    "primarydisplay": "Pharmacy_Benefit_Manager_PBM"
  },
  {
    "primarydisplay": "Physician_Fees_for_Surgical_and_Medical"
  },
  {
    "primarydisplay": "Physician_Services"
  },
  {
    "primarydisplay": "Physicians_Office_Services_Sickness_Inju"
  },
  {
    "primarydisplay": "Preexisting_Conditions"
  },
  {
    "primarydisplay": "Pregnancy_Maternity_Services"
  },
  {
    "primarydisplay": "Prescription_Drugs"
  },
  {
    "primarydisplay": "Prescription_Drugs_Mail_Order"
  },
  {
    "primarydisplay": "Prescription_Drugs_Retail"
  },
  {
    "primarydisplay": "Preventive_Care_Services"
  },
  {
    "primarydisplay": "Prior_Authorization"
  },
  {
    "primarydisplay": "Prosthetic_Devices"
  },
  {
    "primarydisplay": "Real_Appeal"
  },
  {
    "primarydisplay": "Reconstructive_Procedures"
  },
  {
    "primarydisplay": "Rehabilitation_and_Habilitative_Services"
  },
  {
    "primarydisplay": "Retiree_Reimbursement_Account_RRA"
  },
  {
    "primarydisplay": "RunIn"
  },
  {
    "primarydisplay": "Scopic_Procedures_Outpatient_Diagnosti"
  },
  {
    "primarydisplay": "SimplyEngaged_Wellness_Incentive_Program"
  },
  {
    "primarydisplay": "Skilled_Nursing_Facility_Inpatient_Rehab"
  },
  {
    "primarydisplay": "Smoking_Cessation"
  },
  {
    "primarydisplay": "Special_Services"
  },
  {
    "primarydisplay": "Specialty_Pharmacy_Program"
  },
  {
    "primarydisplay": "Specialty_Pharmacy_Program_Quick_Tip"
  },
  {
    "primarydisplay": "Step_Therapy"
  },
  {
    "primarydisplay": "Substance_Use_Disorder_Inpatient"
  },
  {
    "primarydisplay": "Substance_Use_Disorder_Outpatient"
  },
  {
    "primarydisplay": "Substance_Use_Vendor"
  },
  {
    "primarydisplay": "Supplemental_Accident"
  },
  {
    "primarydisplay": "Surgery_Outpatient"
  },
  {
    "primarydisplay": "Temporomandibular_Joint_Services"
  },
  {
    "primarydisplay": "Therapeutic_Treatments_Outpatient"
  },
  {
    "primarydisplay": "Transplantation_Services"
  },
  {
    "primarydisplay": "UnitedHealthcare_Motion"
  },
  {
    "primarydisplay": "Urgent_Care_Center_Services"
  },
  {
    "primarydisplay": "Virtual_Visit"
  },
  {
    "primarydisplay": "Vision_Services"
  },
  {
    "primarydisplay": "Vision_Vendor"
  },
  {
    "primarydisplay": "Wigs"
  },
  {
    "primarydisplay": "_DV_C1068"
  },
  {
    "primarydisplay": "hi_healthinnovations_hearing_program"
  }
]