{
  "Data": {
    "ResponseMetaData": {
      "Pharmacy": "EandI_Icue_Notes",
      "RequestId": "a8f7fe52-b1c1-11e9-a2a3-2a2ae2dbcce4",
      "responseTime": "1564385069691",
      "commandSeqId": 1,
      "totalResponsesAvailable": 1,
      "responseSequenceId": 1,
      "responseSanitizationRequired": true,
      "completed": true
    },
    "ResponseData": [
      {
        "Created Date/Time": "09/26/2018 08:40 PM",
        "Created By": "SYSTEM_HIPAA_278A",
        "Notes": "ServiceCode = 72148; Dx assoc w/svc: 1"
      },
      {
        "Created Date/Time": "09/26/2018 08:40 PM",
        "Created By": "SYSTEM_HIPAA_278A",
        "Notes": "Letter sent to Provider"
      }
    ],
    "ResponseStatus": {
      "success": true,
      "statusCode": 200,
      "statusMessage": "Message can be Success or Failure"
    }
  }
}